{"weight": 0.500951247555869, "bias": 0.000539210519099027, "output": 10.94402245112828, "best_loss": 0.11611619591712952}