{"weight": 0.39387544989585876, "bias": 0.6790034464427404, "input": 2.224640532902309, "best_loss": 7.6660631748382e-05}