{"weight": 0.3576184809207916, "bias": 0.030824868008494377, "output": 11.31436273969453, "best_loss": 0.11818932741880417}