{"weight": 0.3576184809207916, "bias": 0.01647536048729872, "output": 12.305168516334447, "best_loss": 0.11823873966932297}