{"weight": 0.3576184809207916, "bias": 0.030824868008494377, "output": 5.5612969398498535, "best_loss": 6.913507461547852}