{
    "weight": 0.5672569007709108,
    "bias": 0.030824868008494377,
    "output": 10.930825019704884,
    "best_loss": 0.11581330746412277
}